model,attribute,stage,accuracy,f1,auc,dpd,eod,dir_min
logistic_regression,gender,baseline,0.9566666666666667,0.9546643417611159,0.99434,0.3062088888834863,0.08111620180585699,0.5119482915571902
logistic_regression,ethnicity,baseline,0.9566666666666667,0.9546643417611159,0.99434,0.0182012122458326,0.01175144427222774,0.962555521372123
random_forest,gender,baseline,0.8633333333333333,0.8589247311827957,0.9425137391304347,0.2924740272471009,0.1052668595772045,0.538368390931875
random_forest,ethnicity,baseline,0.8633333333333333,0.8589247311827957,0.9425137391304347,0.009493954321540543,0.04151724944255608,0.9807622504537205
xgboost,gender,baseline,0.9379166666666666,0.9350196249454863,0.9880384347826088,0.2970528933005084,0.0814243228036331,0.5227963737815827
xgboost,ethnicity,baseline,0.9379166666666666,0.9350196249454863,0.9880384347826088,0.021304651927178064,0.002384810483302746,0.9563928833338646
logistic_regression,gender,reweighted,0.9572916666666667,0.9555218051638099,0.9943073043478261,0.29815541228462106,0.06596468665434185,0.5250949413479598
logistic_regression,ethnicity,reweighted,0.9572916666666667,0.9555218051638099,0.9943073043478261,0.019370308233208566,0.01442158658588133,0.960551903761841
random_forest,gender,reweighted,0.8616666666666667,0.8589035274118147,0.942816,0.2887800937410298,0.09614714787128587,0.5511753262456062
random_forest,ethnicity,reweighted,0.8616666666666667,0.8589035274118147,0.942816,0.005279235577904162,0.03931252766341242,0.9895257375098515
xgboost,gender,reweighted,0.9372916666666666,0.934207650273224,0.9875233043478262,0.30587564995916566,0.09603997535032016,0.5102372148814148
xgboost,ethnicity,reweighted,0.9372916666666666,0.934207650273224,0.9875233043478262,0.013872207916828305,0.015615357784872996,0.9712049291379828
