model,label_type,accuracy,precision,recall,f1,auc
logistic_regression,blind,0.9672916666666667,0.9647826086956521,0.966884531590414,0.9658324265505984,0.9964880696124092
logistic_regression,gender,0.9566666666666667,0.9571678321678322,0.9521739130434783,0.9546643417611159,0.99434
logistic_regression,ethnicity,0.969375,0.9682055749128919,0.9677840661732695,0.9679947746570868,0.996503281825849
random_forest,blind,0.8514583333333333,0.8247126436781609,0.8753812636165578,0.8492919044599451,0.9440653333855165
random_forest,gender,0.8633333333333333,0.8497872340425532,0.8682608695652174,0.8589247311827957,0.9425137391304347
random_forest,ethnicity,0.8639583333333334,0.8521850899742931,0.8659120592076621,0.8589937378535953,0.945041309592616
xgboost,blind,0.944375,0.9451273046532046,0.9381263616557735,0.9416138202492893,0.9907059954165743
xgboost,gender,0.9379166666666666,0.9378827646544182,0.9321739130434783,0.9350196249454863,0.9880384347826088
xgboost,ethnicity,0.9464583333333333,0.9442508710801394,0.9438397910317806,0.9440452863052471,0.9909179946189083
